[
  {
    "id": "8d9e23da-29b3-442f-a1b5-1f38ebd20304",
    "data": [
      {
        "text": "can I ",
        "userDefined": false
      },
      {
        "text": "book",
        "meta": "@sys.ignore",
        "userDefined": true
      },
      {
        "text": " for ",
        "userDefined": false
      },
      {
        "text": "dinner",
        "meta": "@sys.ignore",
        "userDefined": true
      },
      {
        "text": " at ",
        "userDefined": false
      },
      {
        "text": "9 pm",
        "alias": "date-time",
        "meta": "@sys.date-time",
        "userDefined": true
      },
      {
        "text": " for ",
        "userDefined": false
      },
      {
        "text": "2",
        "alias": "people",
        "meta": "@sys.number",
        "userDefined": true
      },
      {
        "text": " people",
        "userDefined": false
      }
    ],
    "isTemplate": false,
    "count": 0,
    "updated": 0
  },
  {
    "id": "462a558a-a12a-4010-b8f1-896a057ee6cf",
    "data": [
      {
        "text": "book",
        "meta": "@sys.ignore",
        "userDefined": true
      },
      {
        "text": " a ",
        "userDefined": false
      },
      {
        "text": "restaurant",
        "alias": "venue-type",
        "meta": "@venue-eating-out-type",
        "userDefined": true
      },
      {
        "text": " for ",
        "userDefined": false
      },
      {
        "text": "Friday night",
        "alias": "date-time",
        "meta": "@sys.date-time",
        "userDefined": true
      }
    ],
    "isTemplate": false,
    "count": 0,
    "updated": 0
  },
  {
    "id": "3b2c9b79-6eba-46b6-b7a8-e30071dcb2ae",
    "data": [
      {
        "text": "can I make a dining reservation",
        "userDefined": false
      }
    ],
    "isTemplate": false,
    "count": 0,
    "updated": 0
  },
  {
    "id": "623706f2-afce-4956-b67a-a06bcd591b93",
    "data": [
      {
        "text": "can you ",
        "userDefined": false
      },
      {
        "text": "reserve",
        "meta": "@sys.ignore",
        "userDefined": false
      },
      {
        "text": " for me a table at a ",
        "userDefined": false
      },
      {
        "text": "restaurant",
        "alias": "venue-type",
        "meta": "@venue-eating-out-type",
        "userDefined": false
      },
      {
        "text": " for ",
        "userDefined": false
      },
      {
        "text": "two",
        "alias": "people",
        "meta": "@sys.number",
        "userDefined": false
      },
      {
        "text": " adults",
        "userDefined": false
      }
    ],
    "isTemplate": false,
    "count": 0,
    "updated": 0
  },
  {
    "id": "42a6e6bf-1df0-47be-8611-3b44d57c36a6",
    "data": [
      {
        "text": "reserve",
        "meta": "@sys.ignore",
        "userDefined": true
      },
      {
        "text": " a table at ",
        "userDefined": false
      },
      {
        "text": "restaurant",
        "alias": "venue-type",
        "meta": "@venue-eating-out-type",
        "userDefined": true
      },
      {
        "text": " with ",
        "userDefined": false
      },
      {
        "text": "free WiFi",
        "alias": "venue-facility",
        "meta": "@venue-facility",
        "userDefined": true
      }
    ],
    "isTemplate": false,
    "count": 0,
    "updated": 0
  },
  {
    "id": "59261a52-bce2-48c0-b383-580421cacaa7",
    "data": [
      {
        "text": "could you ",
        "userDefined": false
      },
      {
        "text": "book",
        "meta": "@sys.ignore",
        "userDefined": false
      },
      {
        "text": " ",
        "userDefined": false
      },
      {
        "text": "restaurants",
        "alias": "venue-type",
        "meta": "@venue-eating-out-type",
        "userDefined": false
      },
      {
        "text": " in ",
        "userDefined": false
      },
      {
        "text": "Manhattan",
        "alias": "location",
        "meta": "@sys.location",
        "userDefined": false
      }
    ],
    "isTemplate": false,
    "count": 0,
    "updated": 0
  },
  {
    "id": "58463d0d-65aa-401d-8e5f-3c92c84886be",
    "data": [
      {
        "text": "can you ",
        "userDefined": false
      },
      {
        "text": "reserve",
        "meta": "@sys.ignore",
        "userDefined": true
      },
      {
        "text": " a table for me",
        "userDefined": false
      }
    ],
    "isTemplate": false,
    "count": 0,
    "updated": 0
  },
  {
    "id": "c2882fbf-3225-466a-863d-54400a467706",
    "data": [
      {
        "text": "I would like to ",
        "userDefined": false
      },
      {
        "text": "book",
        "meta": "@sys.ignore",
        "userDefined": false
      },
      {
        "text": " ",
        "userDefined": false
      },
      {
        "text": "Senza",
        "alias": "venue-title",
        "meta": "@venue-eating-out-title",
        "userDefined": false
      },
      {
        "text": " ",
        "userDefined": false
      },
      {
        "text": "restaurant",
        "alias": "venue-type",
        "meta": "@venue-eating-out-type",
        "userDefined": false
      },
      {
        "text": " ",
        "userDefined": false
      },
      {
        "text": "on",
        "meta": "@sys.ignore",
        "userDefined": false
      },
      {
        "text": " ",
        "userDefined": false
      },
      {
        "text": "Broadway st",
        "alias": "location",
        "meta": "@sys.location",
        "userDefined": false
      }
    ],
    "isTemplate": false,
    "count": 0,
    "updated": 0
  },
  {
    "id": "e03fae9b-b4c6-4cdf-8f14-f84763c2cfcb",
    "data": [
      {
        "text": "book",
        "meta": "@sys.ignore",
        "userDefined": true
      },
      {
        "text": " a ",
        "userDefined": false
      },
      {
        "text": "restaurant",
        "alias": "venue-type",
        "meta": "@venue-eating-out-type",
        "userDefined": true
      },
      {
        "text": " ",
        "userDefined": false
      },
      {
        "text": "closest",
        "alias": "sort",
        "meta": "@map-sort",
        "userDefined": true
      },
      {
        "text": " ",
        "userDefined": false
      },
      {
        "text": "to",
        "meta": "@sys.ignore",
        "userDefined": true
      },
      {
        "text": " my location ",
        "userDefined": false
      },
      {
        "text": "rated",
        "meta": "@sys.ignore",
        "userDefined": true
      },
      {
        "text": " with ",
        "userDefined": false
      },
      {
        "text": "5 stars",
        "alias": "rating",
        "meta": "@rating",
        "userDefined": true
      }
    ],
    "isTemplate": false,
    "count": 0,
    "updated": 0
  },
  {
    "id": "d750d8f9-5e41-42cc-9295-b59fdd3e7bee",
    "data": [
      {
        "text": "reserve",
        "meta": "@sys.ignore",
        "userDefined": false
      },
      {
        "text": " a table in ",
        "userDefined": false
      },
      {
        "text": "outback steak house",
        "alias": "venue-title",
        "meta": "@venue-eating-out-title",
        "userDefined": false
      },
      {
        "text": " ",
        "userDefined": false
      },
      {
        "text": "restaurant",
        "alias": "venue-type",
        "meta": "@venue-eating-out-type",
        "userDefined": false
      }
    ],
    "isTemplate": false,
    "count": 0,
    "updated": 0
  },
  {
    "id": "88146b1c-29bf-4a3d-b530-1005eec9a7e8",
    "data": [
      {
        "text": "book",
        "meta": "@sys.ignore",
        "userDefined": true
      },
      {
        "text": " ",
        "userDefined": false
      },
      {
        "text": "Red Lobster",
        "alias": "venue-title",
        "meta": "@venue-eating-out-title",
        "userDefined": true
      },
      {
        "text": " for ",
        "userDefined": false
      },
      {
        "text": "3",
        "alias": "people",
        "meta": "@sys.number",
        "userDefined": true
      },
      {
        "text": " persons",
        "userDefined": false
      }
    ],
    "isTemplate": false,
    "count": 0,
    "updated": 0
  },
  {
    "id": "d48bb183-8ccf-4aaa-907c-7b40b72bb2f2",
    "data": [
      {
        "text": "reserve",
        "meta": "@sys.ignore",
        "userDefined": false
      },
      {
        "text": " a table for me",
        "userDefined": false
      }
    ],
    "isTemplate": false,
    "count": 0,
    "updated": 0
  },
  {
    "id": "7bf4e8c1-8b12-4270-8040-1318ca943d18",
    "data": [
      {
        "text": "make a reservation in ",
        "userDefined": false
      },
      {
        "text": "French Laundry",
        "alias": "venue-title",
        "meta": "@venue-eating-out-title",
        "userDefined": false
      }
    ],
    "isTemplate": false,
    "count": 0,
    "updated": 0
  },
  {
    "id": "2fe110f9-4a2c-43ee-93b8-addca9ddf7d2",
    "data": [
      {
        "text": "book a table for ",
        "userDefined": false
      },
      {
        "text": "4",
        "alias": "people",
        "meta": "@sys.number",
        "userDefined": false
      }
    ],
    "isTemplate": false,
    "count": 0,
    "updated": 0
  },
  {
    "id": "8afc5f78-0d3b-4ffd-8c8f-e9b2aa228a3b",
    "data": [
      {
        "text": "make a reservation at a romantic ",
        "userDefined": false
      },
      {
        "text": "Italian",
        "alias": "cuisine",
        "meta": "@cuisine",
        "userDefined": true
      },
      {
        "text": " ",
        "userDefined": false
      },
      {
        "text": "restaurant",
        "alias": "venue-type",
        "meta": "@venue-eating-out-type",
        "userDefined": true
      },
      {
        "text": " ",
        "userDefined": false
      },
      {
        "text": "tonight at 7 PM",
        "alias": "date-time",
        "meta": "@sys.date-time",
        "userDefined": true
      }
    ],
    "isTemplate": false,
    "count": 0,
    "updated": 0
  },
  {
    "id": "69ad33c4-6c42-4767-b6ca-b5271f2dfaa4",
    "data": [
      {
        "text": "book",
        "meta": "@sys.ignore",
        "userDefined": true
      },
      {
        "text": " a ",
        "userDefined": false
      },
      {
        "text": "restaurant",
        "alias": "venue-type",
        "meta": "@venue-eating-out-type",
        "userDefined": true
      },
      {
        "text": " in ",
        "userDefined": false
      },
      {
        "text": "New York",
        "alias": "location",
        "meta": "@sys.location",
        "userDefined": true
      }
    ],
    "isTemplate": false,
    "count": 0,
    "updated": 0
  },
  {
    "id": "35875812-bc48-4c59-99d1-9b560ad23f13",
    "data": [
      {
        "text": "book",
        "meta": "@sys.ignore",
        "userDefined": true
      },
      {
        "text": " ",
        "userDefined": false
      },
      {
        "text": "cafe",
        "alias": "venue-type",
        "meta": "@venue-eating-out-type",
        "userDefined": true
      },
      {
        "text": " for ",
        "userDefined": false
      },
      {
        "text": "3",
        "alias": "people",
        "meta": "@sys.number",
        "userDefined": true
      },
      {
        "text": " persons",
        "userDefined": false
      }
    ],
    "isTemplate": false,
    "count": 0,
    "updated": 0
  },
  {
    "id": "6181a0bc-dbcd-407c-9585-b130c6ad3e29",
    "data": [
      {
        "text": "book",
        "meta": "@sys.ignore",
        "userDefined": true
      },
      {
        "text": " ",
        "userDefined": false
      },
      {
        "text": "Red Lobster",
        "alias": "venue-title",
        "meta": "@venue-eating-out-title",
        "userDefined": true
      },
      {
        "text": " for ",
        "userDefined": false
      },
      {
        "text": "7 pm",
        "alias": "date-time",
        "meta": "@sys.date-time",
        "userDefined": true
      }
    ],
    "isTemplate": false,
    "count": 0,
    "updated": 0
  },
  {
    "id": "b8709342-9b53-49db-9ad7-57f08111e0b5",
    "data": [
      {
        "text": "book",
        "meta": "@sys.ignore",
        "userDefined": false
      },
      {
        "text": " ",
        "userDefined": false
      },
      {
        "text": "Aspen Grille",
        "alias": "venue-title",
        "meta": "@venue-eating-out-title",
        "userDefined": false
      },
      {
        "text": " for ",
        "userDefined": false
      },
      {
        "text": "May 10 at 9 p m",
        "alias": "date-time",
        "meta": "@sys.date-time",
        "userDefined": true
      }
    ],
    "isTemplate": false,
    "count": 0,
    "updated": 0
  },
  {
    "id": "b98cddec-6419-42e1-a68b-d4ef2b7f1a25",
    "data": [
      {
        "text": "find a table at a ",
        "userDefined": false
      },
      {
        "text": "sushi place",
        "alias": "venue-type",
        "meta": "@venue-eating-out-type",
        "userDefined": true
      },
      {
        "text": " around ",
        "userDefined": false
      },
      {
        "text": "Castro street",
        "alias": "location",
        "meta": "@sys.location",
        "userDefined": true
      },
      {
        "text": " for ",
        "userDefined": false
      },
      {
        "text": "8 pm",
        "alias": "date-time",
        "meta": "@sys.date-time",
        "userDefined": true
      }
    ],
    "isTemplate": false,
    "count": 0,
    "updated": 0
  },
  {
    "id": "924d94b2-5194-42a4-9173-d2ad6cbebd46",
    "data": [
      {
        "text": "book",
        "meta": "@sys.ignore",
        "userDefined": true
      },
      {
        "text": " ",
        "userDefined": false
      },
      {
        "text": "Pizza Hut",
        "alias": "venue-chain",
        "meta": "@venue-eating-out-chain",
        "userDefined": true
      }
    ],
    "isTemplate": false,
    "count": 0,
    "updated": 0
  },
  {
    "id": "5a98d2c6-e440-4170-b626-4f11723bba03",
    "data": [
      {
        "text": "book",
        "meta": "@sys.ignore",
        "userDefined": true
      },
      {
        "text": " ",
        "userDefined": false
      },
      {
        "text": "Italian",
        "alias": "cuisine",
        "meta": "@cuisine",
        "userDefined": true
      },
      {
        "text": " ",
        "userDefined": false
      },
      {
        "text": "restaurant",
        "alias": "venue-type",
        "meta": "@venue-eating-out-type",
        "userDefined": true
      }
    ],
    "isTemplate": false,
    "count": 0,
    "updated": 0
  },
  {
    "id": "008af1f3-5391-4804-9f78-75b6f31310cd",
    "data": [
      {
        "text": "book table of ",
        "userDefined": false
      },
      {
        "text": "2",
        "alias": "people",
        "meta": "@sys.number",
        "userDefined": true
      },
      {
        "text": " ",
        "userDefined": false
      },
      {
        "text": "tomorrow evening 1930",
        "alias": "date-time",
        "meta": "@sys.date-time",
        "userDefined": true
      }
    ],
    "isTemplate": false,
    "count": 0,
    "updated": 0
  },
  {
    "id": "64643027-ebdf-44b8-a158-cb872311ad5f",
    "data": [
      {
        "text": "book",
        "meta": "@sys.ignore",
        "userDefined": true
      },
      {
        "text": " ",
        "userDefined": false
      },
      {
        "text": "Muse",
        "alias": "venue-chain",
        "meta": "@venue-eating-out-chain",
        "userDefined": true
      },
      {
        "text": " for the ",
        "userDefined": false
      },
      {
        "text": "4th of June for 6 p m",
        "alias": "date-time",
        "meta": "@sys.date-time",
        "userDefined": true
      }
    ],
    "isTemplate": false,
    "count": 0,
    "updated": 0
  },
  {
    "id": "ad9723f9-c942-408a-a7b4-2e7c74d801f2",
    "data": [
      {
        "text": "book",
        "meta": "@sys.ignore",
        "userDefined": true
      },
      {
        "text": " ",
        "userDefined": false
      },
      {
        "text": "Indian",
        "alias": "cuisine",
        "meta": "@cuisine",
        "userDefined": true
      },
      {
        "text": " ",
        "userDefined": false
      },
      {
        "text": "restaurant",
        "alias": "venue-type",
        "meta": "@venue-eating-out-type",
        "userDefined": true
      }
    ],
    "isTemplate": false,
    "count": 0,
    "updated": 0
  },
  {
    "id": "15bcd547-d248-4837-9cc3-77c246d1229d",
    "data": [
      {
        "text": "book",
        "meta": "@sys.ignore",
        "userDefined": true
      },
      {
        "text": " a ",
        "userDefined": false
      },
      {
        "text": "restaurant",
        "alias": "venue-type",
        "meta": "@venue-eating-out-type",
        "userDefined": true
      },
      {
        "text": " for ",
        "userDefined": false
      },
      {
        "text": "6 pm",
        "alias": "date-time",
        "meta": "@sys.date-time",
        "userDefined": true
      },
      {
        "text": " for ",
        "userDefined": false
      },
      {
        "text": "5",
        "alias": "people",
        "meta": "@sys.number",
        "userDefined": true
      },
      {
        "text": " people",
        "userDefined": false
      }
    ],
    "isTemplate": false,
    "count": 0,
    "updated": 0
  },
  {
    "id": "e5d66dd2-3d09-4bcc-9a6e-c187dbea59c9",
    "data": [
      {
        "text": "book",
        "meta": "@sys.ignore",
        "userDefined": true
      },
      {
        "text": " an ",
        "userDefined": false
      },
      {
        "text": "Italian",
        "alias": "cuisine",
        "meta": "@cuisine",
        "userDefined": true
      },
      {
        "text": " ",
        "userDefined": false
      },
      {
        "text": "restaurant",
        "alias": "venue-type",
        "meta": "@venue-eating-out-type",
        "userDefined": true
      },
      {
        "text": " near ",
        "userDefined": false
      },
      {
        "text": "Soho",
        "alias": "location",
        "meta": "@sys.location",
        "userDefined": true
      },
      {
        "text": " for ",
        "userDefined": false
      },
      {
        "text": "5",
        "alias": "people",
        "meta": "@sys.number",
        "userDefined": true
      },
      {
        "text": " people for ",
        "userDefined": false
      },
      {
        "text": "Friday night",
        "alias": "date-time",
        "meta": "@sys.date-time",
        "userDefined": true
      }
    ],
    "isTemplate": false,
    "count": 0,
    "updated": 0
  },
  {
    "id": "1b851411-7d4d-4d6b-8e37-340eba4ad6be",
    "data": [
      {
        "text": "reserve",
        "meta": "@sys.ignore",
        "userDefined": false
      },
      {
        "text": " ",
        "userDefined": false
      },
      {
        "text": "restaurants",
        "alias": "venue-type",
        "meta": "@venue-eating-out-type",
        "userDefined": false
      }
    ],
    "isTemplate": false,
    "count": 0,
    "updated": 0
  },
  {
    "id": "744b1536-456a-4e22-8cdd-6adfa92bc576",
    "data": [
      {
        "text": "book",
        "meta": "@sys.ignore",
        "userDefined": true
      },
      {
        "text": " a ",
        "userDefined": false
      },
      {
        "text": "restaurant",
        "alias": "venue-type",
        "meta": "@venue-eating-out-type",
        "userDefined": true
      },
      {
        "text": " for ",
        "userDefined": false
      },
      {
        "text": "5",
        "alias": "people",
        "meta": "@sys.number",
        "userDefined": true
      },
      {
        "text": " people",
        "userDefined": false
      }
    ],
    "isTemplate": false,
    "count": 0,
    "updated": 0
  },
  {
    "id": "21282e9b-f8e0-4155-ac62-c80e6316535b",
    "data": [
      {
        "text": "can you make reservations at ",
        "userDefined": false
      },
      {
        "text": "The Cheesecake Factory",
        "alias": "venue-chain",
        "meta": "@venue-eating-out-chain",
        "userDefined": true
      },
      {
        "text": " ",
        "userDefined": false
      },
      {
        "text": "next Friday night",
        "alias": "date-time",
        "meta": "@sys.date-time",
        "userDefined": true
      }
    ],
    "isTemplate": false,
    "count": 1,
    "updated": 0
  },
  {
    "id": "dd20d464-8913-4cd6-85cf-1238fa68c5bf",
    "data": [
      {
        "text": "book",
        "meta": "@sys.ignore",
        "userDefined": true
      },
      {
        "text": " ",
        "userDefined": false
      },
      {
        "text": "Le Bernardin",
        "alias": "venue-title",
        "meta": "@venue-eating-out-title",
        "userDefined": true
      },
      {
        "text": " ",
        "userDefined": false
      },
      {
        "text": "restaurant",
        "alias": "venue-type",
        "meta": "@venue-eating-out-type",
        "userDefined": true
      },
      {
        "text": " on ",
        "userDefined": false
      },
      {
        "text": "155 w 51st",
        "alias": "location",
        "meta": "@sys.location",
        "userDefined": true
      },
      {
        "text": " for ",
        "userDefined": false
      },
      {
        "text": "Thursday",
        "alias": "date-time",
        "meta": "@sys.date-time",
        "userDefined": true
      }
    ],
    "isTemplate": false,
    "count": 0,
    "updated": 0
  },
  {
    "id": "fd7a50f8-bfa5-490d-baa1-9c04d2374f75",
    "data": [
      {
        "text": "can you make a reservation at ",
        "userDefined": false
      },
      {
        "text": "Nobu",
        "alias": "venue-title",
        "meta": "@venue-eating-out-title",
        "userDefined": true
      },
      {
        "text": " in ",
        "userDefined": false
      },
      {
        "text": "Las Vegas",
        "alias": "location",
        "meta": "@sys.location",
        "userDefined": true
      },
      {
        "text": " for ",
        "userDefined": false
      },
      {
        "text": "9 PM",
        "alias": "date-time",
        "meta": "@sys.date-time",
        "userDefined": true
      },
      {
        "text": " for ",
        "userDefined": false
      },
      {
        "text": "2",
        "alias": "people",
        "meta": "@sys.number",
        "userDefined": true
      },
      {
        "text": " people",
        "userDefined": false
      }
    ],
    "isTemplate": false,
    "count": 0,
    "updated": 0
  },
  {
    "id": "33be8191-a253-4fe3-a9f5-f0b646da85ad",
    "data": [
      {
        "text": "book",
        "meta": "@sys.ignore",
        "userDefined": true
      },
      {
        "text": " a ",
        "userDefined": false
      },
      {
        "text": "restaurant",
        "alias": "venue-type",
        "meta": "@venue-eating-out-type",
        "userDefined": true
      },
      {
        "text": " for ",
        "userDefined": false
      },
      {
        "text": "6 pm",
        "alias": "date-time",
        "meta": "@sys.date-time",
        "userDefined": true
      }
    ],
    "isTemplate": false,
    "count": 0,
    "updated": 0
  },
  {
    "id": "631b1e86-a984-4d1f-9898-f0435f202f5c",
    "data": [
      {
        "text": "I\u0027d like to ",
        "userDefined": false
      },
      {
        "text": "book",
        "meta": "@sys.ignore",
        "userDefined": true
      },
      {
        "text": " ",
        "userDefined": false
      },
      {
        "text": "Senza",
        "alias": "venue-title",
        "meta": "@venue-eating-out-title",
        "userDefined": true
      },
      {
        "text": " ",
        "userDefined": false
      },
      {
        "text": "restaurant",
        "alias": "venue-type",
        "meta": "@venue-eating-out-type",
        "userDefined": true
      },
      {
        "text": " ",
        "userDefined": false
      },
      {
        "text": "on",
        "meta": "@sys.ignore",
        "userDefined": true
      },
      {
        "text": " ",
        "userDefined": false
      },
      {
        "text": "Broadway st",
        "alias": "location",
        "meta": "@sys.location",
        "userDefined": true
      }
    ],
    "isTemplate": false,
    "count": 0,
    "updated": 0
  },
  {
    "id": "cbfd7565-a594-4e94-9ced-ad34290ba436",
    "data": [
      {
        "text": "book",
        "meta": "@sys.ignore",
        "userDefined": true
      },
      {
        "text": " ",
        "userDefined": false
      },
      {
        "text": "restaurant",
        "alias": "venue-type",
        "meta": "@venue-eating-out-type",
        "userDefined": true
      },
      {
        "text": " with ",
        "userDefined": false
      },
      {
        "text": "highest rating",
        "alias": "rating",
        "meta": "@rating",
        "userDefined": true
      }
    ],
    "isTemplate": false,
    "count": 0,
    "updated": 0
  },
  {
    "id": "a151810f-9d4a-4dec-92ef-86165049ec27",
    "data": [
      {
        "text": "I need to ",
        "userDefined": false
      },
      {
        "text": "reserve",
        "meta": "@sys.ignore",
        "userDefined": true
      },
      {
        "text": " a table for ",
        "userDefined": false
      },
      {
        "text": "this Friday",
        "alias": "date-time",
        "meta": "@sys.date-time",
        "userDefined": true
      }
    ],
    "isTemplate": false,
    "count": 0,
    "updated": 0
  },
  {
    "id": "7e1f48d7-45ba-40f3-b4a9-f5c00a5d1c9e",
    "data": [
      {
        "text": "can you ",
        "userDefined": false
      },
      {
        "text": "reserve",
        "meta": "@sys.ignore",
        "userDefined": true
      },
      {
        "text": " a table at a ",
        "userDefined": false
      },
      {
        "text": "restaurant",
        "alias": "venue-type",
        "meta": "@venue-eating-out-type",
        "userDefined": true
      },
      {
        "text": " for me",
        "userDefined": false
      }
    ],
    "isTemplate": false,
    "count": 0,
    "updated": 0
  },
  {
    "id": "36471253-36e0-4520-a855-cb6b28dda032",
    "data": [
      {
        "text": "book a table for ",
        "userDefined": false
      },
      {
        "text": "two",
        "alias": "people",
        "meta": "@sys.number",
        "userDefined": true
      },
      {
        "text": " people at ",
        "userDefined": false
      },
      {
        "text": "Delmonico\u0027s",
        "alias": "venue-title",
        "meta": "@venue-eating-out-title",
        "userDefined": true
      },
      {
        "text": " for ",
        "userDefined": false
      },
      {
        "text": "7 pm",
        "alias": "date-time",
        "meta": "@sys.date-time",
        "userDefined": true
      },
      {
        "text": " we\u0027ll need a ",
        "userDefined": false
      },
      {
        "text": "parking lot",
        "alias": "venue-facility",
        "meta": "@venue-facility",
        "userDefined": true
      },
      {
        "text": " too",
        "userDefined": false
      }
    ],
    "isTemplate": false,
    "count": 0,
    "updated": 0
  },
  {
    "id": "493a11b4-5e64-4b72-9aff-f8961dc49137",
    "data": [
      {
        "text": "can you ",
        "userDefined": false
      },
      {
        "text": "book",
        "meta": "@sys.ignore",
        "userDefined": true
      },
      {
        "text": " me a ",
        "userDefined": false
      },
      {
        "text": "restaurant",
        "alias": "venue-type",
        "meta": "@venue-eating-out-type",
        "userDefined": true
      },
      {
        "text": " with ",
        "userDefined": false
      },
      {
        "text": "parking",
        "alias": "venue-facility",
        "meta": "@venue-facility",
        "userDefined": true
      }
    ],
    "isTemplate": false,
    "count": 0,
    "updated": 0
  },
  {
    "id": "d84738a9-b87d-4771-aa49-71d3ce0f082e",
    "data": [
      {
        "text": "book",
        "meta": "@sys.ignore",
        "userDefined": true
      },
      {
        "text": " a ",
        "userDefined": false
      },
      {
        "text": "restaurant",
        "alias": "venue-type",
        "meta": "@venue-eating-out-type",
        "userDefined": true
      },
      {
        "text": " ",
        "userDefined": false
      },
      {
        "text": "closest",
        "alias": "sort",
        "meta": "@map-sort",
        "userDefined": true
      },
      {
        "text": " to my location",
        "userDefined": false
      }
    ],
    "isTemplate": false,
    "count": 0,
    "updated": 0
  },
  {
    "id": "bcc3d45b-40d2-4943-8b27-7789e28c8324",
    "data": [
      {
        "text": "can you ",
        "userDefined": false
      },
      {
        "text": "book",
        "meta": "@sys.ignore",
        "userDefined": true
      },
      {
        "text": " me a table",
        "userDefined": false
      }
    ],
    "isTemplate": false,
    "count": 0,
    "updated": 0
  },
  {
    "id": "c54fee89-29d8-4406-84b0-8e806f05938c",
    "data": [
      {
        "text": "book",
        "meta": "@sys.ignore",
        "userDefined": true
      },
      {
        "text": " a ",
        "userDefined": false
      },
      {
        "text": "restaurant",
        "alias": "venue-type",
        "meta": "@venue-eating-out-type",
        "userDefined": true
      },
      {
        "text": " ",
        "userDefined": false
      },
      {
        "text": "nearby",
        "alias": "sort",
        "meta": "@map-sort",
        "userDefined": true
      }
    ],
    "isTemplate": false,
    "count": 0,
    "updated": 0
  },
  {
    "id": "9eb7bc5c-54e7-41a2-b04f-9826cf57d166",
    "data": [
      {
        "text": "book",
        "meta": "@sys.ignore",
        "userDefined": false
      },
      {
        "text": " ",
        "userDefined": false
      },
      {
        "text": "Aspen Grille",
        "alias": "venue-title",
        "meta": "@venue-eating-out-title",
        "userDefined": false
      },
      {
        "text": " for ",
        "userDefined": false
      },
      {
        "text": "three",
        "alias": "people",
        "meta": "@sys.number",
        "userDefined": false
      },
      {
        "text": " persons",
        "userDefined": false
      }
    ],
    "isTemplate": false,
    "count": 0,
    "updated": 0
  },
  {
    "id": "51790c31-6e29-4475-9feb-8f315bc57cea",
    "data": [
      {
        "text": "book",
        "meta": "@sys.ignore",
        "userDefined": true
      },
      {
        "text": " ",
        "userDefined": false
      },
      {
        "text": "Red Lobster",
        "alias": "venue-title",
        "meta": "@venue-eating-out-title",
        "userDefined": true
      },
      {
        "text": " for ",
        "userDefined": false
      },
      {
        "text": "Saturday",
        "alias": "date-time",
        "meta": "@sys.date-time",
        "userDefined": true
      }
    ],
    "isTemplate": false,
    "count": 0,
    "updated": 0
  },
  {
    "id": "6c7e2a21-2f61-45b9-a216-c3a67e6e35eb",
    "data": [
      {
        "text": "book",
        "meta": "@sys.ignore",
        "userDefined": true
      },
      {
        "text": " ",
        "userDefined": false
      },
      {
        "text": "Le Bernardin",
        "alias": "venue-title",
        "meta": "@venue-eating-out-title",
        "userDefined": true
      },
      {
        "text": " ",
        "userDefined": false
      },
      {
        "text": "restaurant",
        "alias": "venue-type",
        "meta": "@venue-eating-out-type",
        "userDefined": true
      },
      {
        "text": " for ",
        "userDefined": false
      },
      {
        "text": "tonight",
        "alias": "date-time",
        "meta": "@sys.date-time",
        "userDefined": true
      }
    ],
    "isTemplate": false,
    "count": 0,
    "updated": 0
  },
  {
    "id": "b88785da-3a67-496f-ba40-42d1eb529290",
    "data": [
      {
        "text": "can you make a reservation at ",
        "userDefined": false
      },
      {
        "text": "The Cheesecake Factory",
        "alias": "venue-chain",
        "meta": "@venue-eating-out-chain",
        "userDefined": true
      },
      {
        "text": " ",
        "userDefined": false
      },
      {
        "text": "tonight",
        "alias": "date-time",
        "meta": "@sys.date-time",
        "userDefined": true
      }
    ],
    "isTemplate": false,
    "count": 0,
    "updated": 0
  },
  {
    "id": "030abc3c-b536-435b-aeb3-984c7b11a24a",
    "data": [
      {
        "text": "book",
        "meta": "@sys.ignore",
        "userDefined": true
      },
      {
        "text": " a table in ",
        "userDefined": false
      },
      {
        "text": "Eleven Madison park",
        "alias": "venue-title",
        "meta": "@venue-eating-out-title",
        "userDefined": true
      }
    ],
    "isTemplate": false,
    "count": 0,
    "updated": 0
  },
  {
    "id": "a25d02e0-2465-4516-9a80-77d682af2aa2",
    "data": [
      {
        "text": "book",
        "meta": "@sys.ignore",
        "userDefined": true
      },
      {
        "text": " a ",
        "userDefined": false
      },
      {
        "text": "restaurant",
        "alias": "venue-type",
        "meta": "@venue-eating-out-type",
        "userDefined": true
      },
      {
        "text": " for ",
        "userDefined": false
      },
      {
        "text": "Friday night",
        "alias": "date-time",
        "meta": "@sys.date-time",
        "userDefined": true
      },
      {
        "text": " for ",
        "userDefined": false
      },
      {
        "text": "5",
        "alias": "people",
        "meta": "@sys.number",
        "userDefined": true
      },
      {
        "text": " people",
        "userDefined": false
      }
    ],
    "isTemplate": false,
    "count": 0,
    "updated": 0
  },
  {
    "id": "390e6c83-86b2-4cb1-9bff-a08407dfcb85",
    "data": [
      {
        "text": "book",
        "meta": "@sys.ignore",
        "userDefined": true
      },
      {
        "text": " ",
        "userDefined": false
      },
      {
        "text": "Italian",
        "alias": "cuisine",
        "meta": "@cuisine",
        "userDefined": true
      },
      {
        "text": " ",
        "userDefined": false
      },
      {
        "text": "restaurant",
        "alias": "venue-type",
        "meta": "@venue-eating-out-type",
        "userDefined": true
      },
      {
        "text": " on ",
        "userDefined": false
      },
      {
        "text": "900 seventh avenue",
        "alias": "location",
        "meta": "@sys.location",
        "userDefined": true
      }
    ],
    "isTemplate": false,
    "count": 0,
    "updated": 0
  },
  {
    "id": "c011cb80-478f-4db5-993a-229541b80e56",
    "data": [
      {
        "text": "book",
        "meta": "@sys.ignore",
        "userDefined": true
      },
      {
        "text": " ",
        "userDefined": false
      },
      {
        "text": "Red Lobster",
        "alias": "venue-title",
        "meta": "@venue-eating-out-title",
        "userDefined": true
      }
    ],
    "isTemplate": false,
    "count": 1,
    "updated": 0
  },
  {
    "id": "9e4e06cd-8532-4bb6-aadd-842eb49b3a2d",
    "data": [
      {
        "text": "book",
        "meta": "@sys.ignore",
        "userDefined": true
      },
      {
        "text": " ",
        "userDefined": false
      },
      {
        "text": "Osteria Mozza",
        "alias": "venue-title",
        "meta": "@venue-eating-out-title",
        "userDefined": true
      },
      {
        "text": " in ",
        "userDefined": false
      },
      {
        "text": "Los Angeles",
        "alias": "location",
        "meta": "@sys.location",
        "userDefined": true
      },
      {
        "text": " please",
        "userDefined": false
      }
    ],
    "isTemplate": false,
    "count": 0,
    "updated": 0
  },
  {
    "id": "8eae02bc-3c5b-4f68-bf04-317f0b00a94e",
    "data": [
      {
        "text": "reserve",
        "meta": "@sys.ignore",
        "userDefined": false
      },
      {
        "text": " in ",
        "userDefined": false
      },
      {
        "text": "Bar Jules",
        "alias": "venue-title",
        "meta": "@venue-eating-out-title",
        "userDefined": false
      }
    ],
    "isTemplate": false,
    "count": 0,
    "updated": 0
  },
  {
    "id": "bd44f633-a963-4319-a0e7-962573516e86",
    "data": [
      {
        "text": "book me a table at ",
        "userDefined": false
      },
      {
        "text": "Barcelona",
        "alias": "location",
        "meta": "@sys.location",
        "userDefined": false
      }
    ],
    "isTemplate": false,
    "count": 0,
    "updated": 0
  },
  {
    "id": "7d26e273-eb72-4bfd-9814-fd83f60f3107",
    "data": [
      {
        "text": "book",
        "meta": "@sys.ignore",
        "userDefined": false
      },
      {
        "text": " ",
        "userDefined": false
      },
      {
        "text": "French Laundry",
        "alias": "venue-title",
        "meta": "@venue-eating-out-title",
        "userDefined": false
      },
      {
        "text": " for ",
        "userDefined": false
      },
      {
        "text": "seven",
        "alias": "people",
        "meta": "@sys.number",
        "userDefined": false
      },
      {
        "text": " people",
        "userDefined": false
      }
    ],
    "isTemplate": false,
    "count": 0,
    "updated": 0
  },
  {
    "id": "2e87b887-1518-45cc-80da-06911f50730b",
    "data": [
      {
        "text": "find a table at a ",
        "userDefined": false
      },
      {
        "text": "sushi place",
        "alias": "venue-type",
        "meta": "@venue-eating-out-type",
        "userDefined": true
      },
      {
        "text": " around ",
        "userDefined": false
      },
      {
        "text": "Castro Street",
        "alias": "location",
        "meta": "@sys.location",
        "userDefined": true
      },
      {
        "text": " for ",
        "userDefined": false
      },
      {
        "text": "8 PM tomorrow",
        "alias": "date-time",
        "meta": "@sys.date-time",
        "userDefined": true
      }
    ],
    "isTemplate": false,
    "count": 0,
    "updated": 0
  },
  {
    "id": "d250719c-dffd-433b-bc78-5ef3f74b7298",
    "data": [
      {
        "text": "can you make a ",
        "userDefined": false
      },
      {
        "text": "reserve",
        "meta": "@sys.ignore",
        "userDefined": true
      },
      {
        "text": " at ",
        "userDefined": false
      },
      {
        "text": "Four Seasons",
        "alias": "venue-title",
        "meta": "@venue-eating-out-title",
        "userDefined": true
      },
      {
        "text": " ",
        "userDefined": false
      },
      {
        "text": "Washington DC",
        "alias": "location",
        "meta": "@sys.location",
        "userDefined": true
      }
    ],
    "isTemplate": false,
    "count": 0,
    "updated": 0
  },
  {
    "id": "ac1845b2-19b8-4288-87ba-9f5c242945d7",
    "data": [
      {
        "text": "book",
        "meta": "@sys.ignore",
        "userDefined": true
      },
      {
        "text": " ",
        "userDefined": false
      },
      {
        "text": "Aspen Grille",
        "alias": "venue-title",
        "meta": "@venue-eating-out-title",
        "userDefined": true
      },
      {
        "text": " for ",
        "userDefined": false
      },
      {
        "text": "five",
        "alias": "people",
        "meta": "@sys.number",
        "userDefined": true
      },
      {
        "text": " persons",
        "userDefined": false
      }
    ],
    "isTemplate": false,
    "count": 0,
    "updated": 0
  },
  {
    "id": "5e40e658-c348-419b-8d00-e5b0bbdb7bac",
    "data": [
      {
        "text": "can you book a table at ",
        "userDefined": false
      },
      {
        "text": "Pizza",
        "alias": "venue-type",
        "meta": "@venue-eating-out-type",
        "userDefined": true
      }
    ],
    "isTemplate": false,
    "count": 0,
    "updated": 0
  },
  {
    "id": "1dd92d2f-498a-4be4-a006-305a87c30193",
    "data": [
      {
        "text": "how can I make a dining reservation",
        "userDefined": false
      }
    ],
    "isTemplate": false,
    "count": 0,
    "updated": 0
  },
  {
    "id": "67b03df7-2da5-4ec6-bc03-5a962b4178a8",
    "data": [
      {
        "text": "book",
        "meta": "@sys.ignore",
        "userDefined": true
      },
      {
        "text": " a ",
        "userDefined": false
      },
      {
        "text": "restaurant",
        "alias": "venue-type",
        "meta": "@venue-eating-out-type",
        "userDefined": true
      }
    ],
    "isTemplate": false,
    "count": 0,
    "updated": 0
  },
  {
    "id": "cc0be2a1-d3a7-403e-8e9f-6388b3174351",
    "data": [
      {
        "text": "book a table for ",
        "userDefined": false
      },
      {
        "text": "two",
        "alias": "people",
        "meta": "@sys.number",
        "userDefined": true
      },
      {
        "text": " people at ",
        "userDefined": false
      },
      {
        "text": "Delmonico\u0027s",
        "alias": "venue-title",
        "meta": "@venue-eating-out-title",
        "userDefined": true
      },
      {
        "text": " for ",
        "userDefined": false
      },
      {
        "text": "7 PM",
        "alias": "date-time",
        "meta": "@sys.date-time",
        "userDefined": true
      }
    ],
    "isTemplate": false,
    "count": 1,
    "updated": 0
  },
  {
    "id": "09650932-f5a5-40c9-8ef8-59ee0534990d",
    "data": [
      {
        "text": "book",
        "meta": "@sys.ignore",
        "userDefined": true
      },
      {
        "text": " ",
        "userDefined": false
      },
      {
        "text": "Le Bernardin",
        "alias": "venue-title",
        "meta": "@venue-eating-out-title",
        "userDefined": true
      },
      {
        "text": " ",
        "userDefined": false
      },
      {
        "text": "restaurant",
        "alias": "venue-type",
        "meta": "@venue-eating-out-type",
        "userDefined": true
      },
      {
        "text": " on ",
        "userDefined": false
      },
      {
        "text": "155 w 51st",
        "alias": "location",
        "meta": "@sys.location",
        "userDefined": true
      },
      {
        "text": "  for ",
        "userDefined": false
      },
      {
        "text": "6 pm",
        "alias": "date-time",
        "meta": "@sys.date-time",
        "userDefined": true
      },
      {
        "text": " for ",
        "userDefined": false
      },
      {
        "text": "five",
        "alias": "people",
        "meta": "@sys.number",
        "userDefined": true
      },
      {
        "text": " people",
        "userDefined": false
      }
    ],
    "isTemplate": false,
    "count": 0,
    "updated": 0
  }
]