[
  {
    "id": "659e8bd5-d19d-4a3c-8e73-e523bcb09eca",
    "data": [
      {
        "text": "abc@abc.edu.pk",
        "alias": "email",
        "meta": "@sys.email",
        "userDefined": true
      }
    ],
    "isTemplate": false,
    "count": 0,
    "updated": 1547049005
  },
  {
    "id": "bf0b8df5-1384-40b2-ae8c-7747eeaeb93f",
    "data": [
      {
        "text": "I would like to book ",
        "userDefined": false
      },
      {
        "text": "VIP",
        "alias": "roomtype",
        "meta": "@room_type",
        "userDefined": true
      },
      {
        "text": " room",
        "userDefined": false
      }
    ],
    "isTemplate": false,
    "count": 0,
    "updated": 1545692780
  },
  {
    "id": "d4304ea7-813c-488a-b671-7defa406ee30",
    "data": [
      {
        "text": "my email is ",
        "userDefined": false
      },
      {
        "text": "abc@abc.com",
        "alias": "email",
        "meta": "@sys.email",
        "userDefined": true
      }
    ],
    "isTemplate": false,
    "count": 0,
    "updated": 1545342038
  },
  {
    "id": "89c1c356-a25d-4081-8449-3a303d027be5",
    "data": [
      {
        "text": "Book hotel for ",
        "userDefined": false
      },
      {
        "text": "3",
        "alias": "number",
        "meta": "@sys.number",
        "userDefined": false
      },
      {
        "text": " persons",
        "userDefined": false
      }
    ],
    "isTemplate": false,
    "count": 0,
    "updated": 1545342038
  },
  {
    "id": "72e92dfb-af40-4db4-a16b-68717a18c5e4",
    "data": [
      {
        "text": "My name is ",
        "userDefined": false
      },
      {
        "text": "huzaifa",
        "alias": "name",
        "meta": "@sys.given-name",
        "userDefined": true
      }
    ],
    "isTemplate": false,
    "count": 0,
    "updated": 1551641639
  },
  {
    "id": "bd3c3909-70da-4a42-a49b-2d784507623d",
    "data": [
      {
        "text": "i want room",
        "userDefined": false
      }
    ],
    "isTemplate": false,
    "count": 0,
    "updated": 1545342038
  },
  {
    "id": "81e29298-6404-4515-a79f-b95d1d707976",
    "data": [
      {
        "text": "I need room",
        "userDefined": false
      }
    ],
    "isTemplate": false,
    "count": 0,
    "updated": 1545342038
  },
  {
    "id": "7f40b083-1425-4f87-bbe5-e29a06c149c2",
    "data": [
      {
        "text": "Any room is available?",
        "userDefined": false
      }
    ],
    "isTemplate": false,
    "count": 0,
    "updated": 1545342038
  },
  {
    "id": "e8bfe6b0-1219-47cc-8ae0-f31dbc2255c1",
    "data": [
      {
        "text": "i want to book a room",
        "userDefined": false
      }
    ],
    "isTemplate": false,
    "count": 0,
    "updated": 1545342038
  }
]