[
  {
    "id": "80bf939e-a9e2-43a8-99c4-9212af1f0739",
    "data": [
      {
        "text": "how many bookings i have",
        "userDefined": false
      }
    ],
    "isTemplate": false,
    "count": 0,
    "updated": 1547049220
  },
  {
    "id": "47b16691-436f-4119-9322-55df7b67438c",
    "data": [
      {
        "text": "can u show my booking",
        "userDefined": false
      }
    ],
    "isTemplate": false,
    "count": 0,
    "updated": 1547049220
  },
  {
    "id": "c9d10188-9f7c-47ec-8f2d-bdc8e506032b",
    "data": [
      {
        "text": "show all bookings",
        "userDefined": false
      }
    ],
    "isTemplate": false,
    "count": 0,
    "updated": 1547049220
  },
  {
    "id": "c59482a2-098f-4581-8907-72f026ba2e66",
    "data": [
      {
        "text": "show me my booking",
        "userDefined": false
      }
    ],
    "isTemplate": false,
    "count": 0,
    "updated": 1547049220
  },
  {
    "id": "0bd3cedd-20d8-45ad-b490-df7e4b415478",
    "data": [
      {
        "text": "Show my booking detail",
        "userDefined": false
      }
    ],
    "isTemplate": false,
    "count": 0,
    "updated": 1547049220
  }
]