[
  {
    "value": "brazilian",
    "synonyms": [
      "brazilian"
    ]
  },
  {
    "value": "arabic",
    "synonyms": [
      "arabic"
    ]
  },
  {
    "value": "cantonese",
    "synonyms": [
      "cantonese"
    ]
  },
  {
    "value": "hungarian",
    "synonyms": [
      "hungarian"
    ]
  },
  {
    "value": "himalayan",
    "synonyms": [
      "himalayan"
    ]
  },
  {
    "value": "colombian",
    "synonyms": [
      "colombian"
    ]
  },
  {
    "value": "venezuelan",
    "synonyms": [
      "venezuelan"
    ]
  },
  {
    "value": "mongolian",
    "synonyms": [
      "mongolian"
    ]
  },
  {
    "value": "irish",
    "synonyms": [
      "irish"
    ]
  },
  {
    "value": "modern european",
    "synonyms": [
      "modern european"
    ]
  },
  {
    "value": "persian",
    "synonyms": [
      "persian"
    ]
  },
  {
    "value": "scandinavian",
    "synonyms": [
      "scandinavian"
    ]
  },
  {
    "value": "thai",
    "synonyms": [
      "thai"
    ]
  },
  {
    "value": "Dairy",
    "synonyms": [
      "Dairy"
    ]
  },
  {
    "value": "chinese",
    "synonyms": [
      "chinese"
    ]
  },
  {
    "value": "Diners",
    "synonyms": [
      "Diners"
    ]
  },
  {
    "value": "Latin American",
    "synonyms": [
      "Latin American"
    ]
  },
  {
    "value": "austrian",
    "synonyms": [
      "austrian"
    ]
  },
  {
    "value": "cuban",
    "synonyms": [
      "cuban"
    ]
  },
  {
    "value": "argentine",
    "synonyms": [
      "argentine"
    ]
  },
  {
    "value": "basque",
    "synonyms": [
      "basque"
    ]
  },
  {
    "value": "middle eastern",
    "synonyms": [
      "middle eastern"
    ]
  },
  {
    "value": "mexican",
    "synonyms": [
      "mexican"
    ]
  },
  {
    "value": "swedish",
    "synonyms": [
      "swedish"
    ]
  },
  {
    "value": "halal, hallal",
    "synonyms": [
      "halal, hallal"
    ]
  },
  {
    "value": "gluten free, gluten-free",
    "synonyms": [
      "gluten free, gluten-free"
    ]
  },
  {
    "value": "modern european, european",
    "synonyms": [
      "modern european, european"
    ]
  },
  {
    "value": "burmese",
    "synonyms": [
      "burmese"
    ]
  },
  {
    "value": "hawaiian",
    "synonyms": [
      "hawaiian"
    ]
  },
  {
    "value": "ethnic",
    "synonyms": [
      "ethnic"
    ]
  },
  {
    "value": "british",
    "synonyms": [
      "british"
    ]
  },
  {
    "value": "iranian",
    "synonyms": [
      "iranian"
    ]
  },
  {
    "value": "creole",
    "synonyms": [
      "creole"
    ]
  },
  {
    "value": "dominican",
    "synonyms": [
      "dominican"
    ]
  },
  {
    "value": "senegalese",
    "synonyms": [
      "senegalese"
    ]
  },
  {
    "value": "peruvian",
    "synonyms": [
      "peruvian"
    ]
  },
  {
    "value": "european",
    "synonyms": [
      "european"
    ]
  },
  {
    "value": "delis",
    "synonyms": [
      "delis",
      "dehlis"
    ]
  },
  {
    "value": "spanish",
    "synonyms": [
      "spanish"
    ]
  },
  {
    "value": "lebanese",
    "synonyms": [
      "lebanese"
    ]
  },
  {
    "value": "ukrainian",
    "synonyms": [
      "ukrainian"
    ]
  },
  {
    "value": "puerto rican",
    "synonyms": [
      "puerto rican"
    ]
  },
  {
    "value": "french",
    "synonyms": [
      "french"
    ]
  },
  {
    "value": "cambodian",
    "synonyms": [
      "cambodian"
    ]
  },
  {
    "value": "cajun",
    "synonyms": [
      "cajun"
    ]
  },
  {
    "value": "bangladeshi",
    "synonyms": [
      "bangladeshi"
    ]
  },
  {
    "value": "indpak",
    "synonyms": [
      "indpak"
    ]
  },
  {
    "value": "african",
    "synonyms": [
      "african"
    ]
  },
  {
    "value": "russian",
    "synonyms": [
      "russian"
    ]
  },
  {
    "value": "south african",
    "synonyms": [
      "south african"
    ]
  },
  {
    "value": "american new",
    "synonyms": [
      "american new"
    ]
  },
  {
    "value": "armenian",
    "synonyms": [
      "armenian"
    ]
  },
  {
    "value": "portuguese",
    "synonyms": [
      "portuguese"
    ]
  },
  {
    "value": "czech",
    "synonyms": [
      "czech"
    ]
  },
  {
    "value": "kosher",
    "synonyms": [
      "kosher"
    ]
  },
  {
    "value": "malaysian",
    "synonyms": [
      "malaysian"
    ]
  },
  {
    "value": "american",
    "synonyms": [
      "american"
    ]
  },
  {
    "value": "german",
    "synonyms": [
      "german"
    ]
  },
  {
    "value": "haitian",
    "synonyms": [
      "haitian"
    ]
  },
  {
    "value": "latin",
    "synonyms": [
      "latin"
    ]
  },
  {
    "value": "mideastern",
    "synonyms": [
      "mideastern"
    ]
  },
  {
    "value": "trinidadian",
    "synonyms": [
      "trinidadian"
    ]
  },
  {
    "value": "scottish",
    "synonyms": [
      "scottish"
    ]
  },
  {
    "value": "singaporean",
    "synonyms": [
      "singaporean"
    ]
  },
  {
    "value": "filipino",
    "synonyms": [
      "filipino"
    ]
  },
  {
    "value": "shanghainese",
    "synonyms": [
      "shanghainese"
    ]
  },
  {
    "value": "Cethelsea",
    "synonyms": [
      "Cethelsea"
    ]
  },
  {
    "value": "tex mex, tex-mex, texmex",
    "synonyms": [
      "tex mex, tex-mex, texmex"
    ]
  },
  {
    "value": "indian",
    "synonyms": [
      "indian"
    ]
  },
  {
    "value": "southern",
    "synonyms": [
      "southern"
    ]
  },
  {
    "value": "jamaican",
    "synonyms": [
      "jamaican"
    ]
  },
  {
    "value": "Cajun Creole",
    "synonyms": [
      "Cajun Creole"
    ]
  },
  {
    "value": "puertorican",
    "synonyms": [
      "puertorican"
    ]
  },
  {
    "value": "canadian",
    "synonyms": [
      "canadian"
    ]
  },
  {
    "value": "cajun",
    "synonyms": [
      "cajun"
    ]
  },
  {
    "value": "pakistani",
    "synonyms": [
      "pakistani"
    ]
  },
  {
    "value": "polish",
    "synonyms": [
      "polish"
    ]
  },
  {
    "value": "kosher",
    "synonyms": [
      "kosher"
    ]
  },
  {
    "value": "korean",
    "synonyms": [
      "korean"
    ]
  },
  {
    "value": "italian",
    "synonyms": [
      "italian"
    ]
  },
  {
    "value": "nepalese",
    "synonyms": [
      "nepalese"
    ]
  },
  {
    "value": "catalan",
    "synonyms": [
      "catalan"
    ]
  },
  {
    "value": "Persian Iranian",
    "synonyms": [
      "Persian Iranian"
    ]
  },
  {
    "value": "bulgar",
    "synonyms": [
      "bulgar"
    ]
  },
  {
    "value": "asian",
    "synonyms": [
      "asian"
    ]
  },
  {
    "value": "laotian",
    "synonyms": [
      "laotian"
    ]
  },
  {
    "value": "taiwanese",
    "synonyms": [
      "taiwanese"
    ]
  },
  {
    "value": "mediterranean",
    "synonyms": [
      "mediterranean"
    ]
  },
  {
    "value": "afghan",
    "synonyms": [
      "afghan"
    ]
  },
  {
    "value": "caribbean",
    "synonyms": [
      "caribbean"
    ]
  },
  {
    "value": "Tibetan",
    "synonyms": [
      "Tibetan"
    ]
  },
  {
    "value": "caribbean",
    "synonyms": [
      "caribbean"
    ]
  },
  {
    "value": "indonesian",
    "synonyms": [
      "indonesian"
    ]
  },
  {
    "value": "vietnam",
    "synonyms": [
      "vietnam",
      "vietnamese"
    ]
  },
  {
    "value": "vegetarian",
    "synonyms": [
      "vegetarian",
      "veg"
    ]
  },
  {
    "value": "middle eastern, eastern",
    "synonyms": [
      "middle eastern, eastern"
    ]
  },
  {
    "value": "japanese",
    "synonyms": [
      "japanese"
    ]
  },
  {
    "value": "belgian",
    "synonyms": [
      "belgian"
    ]
  },
  {
    "value": "slovakian",
    "synonyms": [
      "slovakian"
    ]
  },
  {
    "value": "Czech Slovakian",
    "synonyms": [
      "Czech Slovakian"
    ]
  },
  {
    "value": "iberian",
    "synonyms": [
      "iberian"
    ]
  },
  {
    "value": "ethiopian",
    "synonyms": [
      "ethiopian"
    ]
  },
  {
    "value": "Himalayan Nepalese",
    "synonyms": [
      "Himalayan Nepalese"
    ]
  },
  {
    "value": "restaurant",
    "synonyms": [
      "restaurant"
    ]
  },
  {
    "value": "arabian",
    "synonyms": [
      "arabian"
    ]
  },
  {
    "value": "asian fusion",
    "synonyms": [
      "asian fusion"
    ]
  },
  {
    "value": "Rooftop",
    "synonyms": [
      "Rooftop"
    ]
  },
  {
    "value": "szechuan",
    "synonyms": [
      "szechuan"
    ]
  },
  {
    "value": "greek",
    "synonyms": [
      "greek"
    ]
  },
  {
    "value": "Soul food",
    "synonyms": [
      "Soul food"
    ]
  },
  {
    "value": "moroccan",
    "synonyms": [
      "moroccan"
    ]
  },
  {
    "value": "tex mex",
    "synonyms": [
      "tex mex"
    ]
  },
  {
    "value": "kosher, koshar",
    "synonyms": [
      "kosher, koshar"
    ]
  },
  {
    "value": "american traditional",
    "synonyms": [
      "american traditional"
    ]
  },
  {
    "value": "egyptian",
    "synonyms": [
      "egyptian"
    ]
  },
  {
    "value": "salvadoran",
    "synonyms": [
      "salvadoran"
    ]
  },
  {
    "value": "brasseries",
    "synonyms": [
      "brasseries"
    ]
  },
  {
    "value": "vegan",
    "synonyms": [
      "vegan"
    ]
  },
  {
    "value": "australian",
    "synonyms": [
      "australian"
    ]
  },
  {
    "value": "turkish",
    "synonyms": [
      "turkish"
    ]
  }
]