[
  {
    "value": "steakhouse",
    "synonyms": [
      "steakhouse",
      "steak house"
    ]
  },
  {
    "value": "restaurant",
    "synonyms": [
      "restaurant",
      "restaurants"
    ]
  },
  {
    "value": "buffet",
    "synonyms": [
      "buffet",
      "buffets",
      "buffet restaurant",
      "buffet restaurants"
    ]
  },
  {
    "value": "food court",
    "synonyms": [
      "food court"
    ]
  },
  {
    "value": "sushi place",
    "synonyms": [
      "sushi place"
    ]
  },
  {
    "value": "vegetarian restaurant",
    "synonyms": [
      "vegetarian restaurant",
      "vegetarian restaurants"
    ]
  },
  {
    "value": "cafe",
    "synonyms": [
      "cafe",
      "cafes"
    ]
  },
  {
    "value": "coffeeshop",
    "synonyms": [
      "coffeeshop",
      "coffee shop",
      "coffeeshops",
      "coffee shops",
      "coffee"
    ]
  },
  {
    "value": "seafood place",
    "synonyms": [
      "seafood place",
      "seafood places"
    ]
  },
  {
    "value": "sushi bar",
    "synonyms": [
      "sushi bar",
      "sushi bars"
    ]
  },
  {
    "value": "bar",
    "synonyms": [
      "bar"
    ]
  },
  {
    "value": "salad bar",
    "synonyms": [
      "salad bar",
      "salad bars"
    ]
  },
  {
    "value": "bakery",
    "synonyms": [
      "bakery",
      "bakeries"
    ]
  },
  {
    "value": "fast food",
    "synonyms": [
      "fast food"
    ]
  },
  {
    "value": "teahouse",
    "synonyms": [
      "teahouse",
      "tea house",
      "tea"
    ]
  },
  {
    "value": "steakhouse",
    "synonyms": [
      "steakhouse",
      "steakhouses"
    ]
  },
  {
    "value": "pizzeria",
    "synonyms": [
      "pizzeria",
      "pizza place",
      "pizza places"
    ]
  }
]